_id,name,image_url,phone_numbers[0]
665092f2f0d6032899545149,Your contact's name,,
665492f8d5cd51c5d316a641,Your contact's name,,
6654932ad5cd51c5d316a642,John Doe,,
6654939b4cd8e3a89a673dd4,John Doe,,1234567890
6654942017a51110d3015666,John Doe,,1234567890
665494b9a68d8c7d41f2e8bc,John Doe,,1234567890
665494b9a68d8c7d41f2e8bd,John Doe,,1234567890
665494b9a68d8c7d41f2e8be,John Doe,,1234567890
665494b9a68d8c7d41f2e8bf,John Doe,,1234567890
665494b9a68d8c7d41f2e8c0,John Doe,,1234567890
665494d84c6a9877eb73f4b6,John Doe,,1234567890
665494d84c6a9877eb73f4b7,John Doe,,1234567890
665494d84c6a9877eb73f4b8,John Doe,,1234567890
665494d84c6a9877eb73f4b9,John Doe,,1234567890
665494d84c6a9877eb73f4ba,John Doe,,1234567890
665495081a1d046e95e23330,John Doe,,1234567890
665495081a1d046e95e23331,John Doe,,1234567890
665495081a1d046e95e23332,John Doe,,1234567890
665495081a1d046e95e23333,John Doe,,1234567890
665495081a1d046e95e23334,John Doe,,1234567890
665495142ad4a0efd3151a4a,John Doe,,1234567890
665495142ad4a0efd3151a4b,John Doe,,1234567890
665495142ad4a0efd3151a4c,John Doe,,1234567890
665495142ad4a0efd3151a4d,John Doe,,1234567890
665495142ad4a0efd3151a4e,John Doe,,1234567890
6654952df8ca9188b245038f,John Doe,,1234567890
6654952df8ca9188b2450390,John Doe,,1234567890
6654952df8ca9188b2450391,John Doe,,1234567890
6654952df8ca9188b2450392,John Doe,,1234567890
6654952df8ca9188b2450393,John Doe,,1234567890
665495b0798351e6f762c7fb,John Doe,,1234567890
665495b0798351e6f762c7fc,John Doe,,1234567890
665495b0798351e6f762c7fd,John Doe,,1234567890
665495b0798351e6f762c7fe,John Doe,,1234567890
665495b0798351e6f762c7ff,John Doe,,1234567890
665495be6078f52b0150fbfb,John Doe,,1234567890
665495be6078f52b0150fbfc,John Doe,,1234567890
665495be6078f52b0150fbfd,John Doe,,1234567890
665495be6078f52b0150fbfe,John Doe,,1234567890
665495be6078f52b0150fbff,John Doe,,1234567890
